{"cameraMode":{"drawMode":0,"name":"Shaded","section":"Shading Mode"},"sceneLighting":false,"audioPlay":false,"sceneViewState":{"m_AlwaysRefresh":false,"showFog":true,"showSkybox":false,"showFlares":true,"showImageEffects":true,"showParticleSystems":true,"showVisualEffectGraphs":true,"m_FxEnabled":true},"in2DMode":false,"pivot":{"x":6.468813419342041,"y":1.0557506084442139,"z":1.369924545288086},"rotation":{"x":-0.036725372076034549,"y":-0.35565102100372317,"z":0.013992449268698693,"w":-0.9337999820709229},"size":5.366026401519775,"orthographic":false}